City ID,City,Cloudiness,Country,Date,Humidity,Lat,Lng,MaxTemp,WindSpeed
0,jurm,3,AF,1601793443,23,36.86,70.83,291.92,2.89
1,maliq,67,AL,1601793849,41,40.71,20.7,295.43,3.86
2,shengjin,20,AL,1601793849,57,41.81,19.59,300.15,3.6
3,aghavnadzor,40,AM,1601793849,43,39.78,45.23,295.15,5.1
4,aygestan,25,AM,1601793849,55,40.0,44.56,291.15,2.1
5,margara,35,AM,1601793849,55,40.03,44.18,293.15,2.1
6,voskehat,42,AM,1601793849,55,40.14,44.33,291.15,2.1
7,caluquembe,23,AO,1601793849,53,-13.78,14.68,295.07,1.55
8,gualeguaychu,99,AR,1601793849,82,-33.01,-58.52,280.93,1.79
9,hallein,63,AT,1601793850,81,47.68,13.1,281.48,2.1
10,jennersdorf,0,AT,1601793850,17,46.94,16.14,287.04,6.81
11,retz,57,AT,1601793850,85,48.75,15.96,288.71,2.24
12,traun,20,AT,1601793850,87,48.23,14.23,283.71,8.7
13,geraldton,0,AU,1601793850,40,-28.77,114.6,293.15,8.7
14,banovici,20,BA,1601793850,93,44.41,18.52,287.15,1.5
15,bratunac,40,BA,1601793850,93,44.19,19.34,290.15,1.0
16,odzak,0,BA,1601793850,80,45.01,18.33,289.26,2.74
17,kalia,100,BD,1601793851,64,23.04,89.63,305.82,3.44
18,nageshwari,96,BD,1601793851,62,25.94,89.71,305.1,1.46
19,maasmechelen,75,BE,1601793851,87,50.97,5.69,284.26,7.7
20,merbes-le-chateau,100,BE,1601793851,58,50.32,4.17,283.15,4.47
21,capinota,40,BO,1601793851,58,-17.72,-66.23,287.15,1.5
22,guayaramerin,14,BO,1601793851,91,-10.84,-65.36,295.37,0.13
23,tipuani,7,BO,1601793851,76,-15.56,-68.02,294.28,1.01
24,aracoiaba,42,BR,1601793851,87,-4.37,-38.81,295.27,1.87
25,barra do pirai,100,BR,1601793852,92,-22.47,-43.83,294.66,1.95
26,buri,87,BR,1601793852,79,-23.8,-48.59,291.53,6.81
27,buriti,78,BR,1601793852,79,-22.93,-45.39,294.82,0.52
28,castro,97,BR,1601793647,83,-24.79,-50.01,287.91,6.0
29,caucaia,20,BR,1601793852,78,-3.74,-38.65,299.26,4.6
30,centenario do sul,9,BR,1601793852,69,-22.82,-51.6,293.79,9.04
31,coronel vivida,0,BR,1601793852,76,-25.98,-52.57,289.74,4.16
32,cotia,90,BR,1601793852,88,-23.67,-46.95,293.15,4.6
33,getulio vargas,100,UY,1601793852,78,-32.68,-53.55,283.93,3.93
34,ibateguara,20,BR,1601793853,94,-8.97,-35.94,294.15,1.0
35,ipanema,90,BR,1601793853,93,-30.14,-51.22,288.15,4.6
36,juazeiro do norte,3,BR,1601793853,83,-7.21,-39.32,292.19,0.39
37,jussara,0,BR,1601793853,69,-23.62,-52.47,294.59,4.97
38,lagoa do itaenga,40,BR,1601793853,78,-7.94,-35.29,298.15,3.6
39,orizona,0,BR,1601793853,34,-17.03,-48.3,293.47,1.45
40,paranagua,90,BR,1601793853,100,-25.52,-48.51,286.15,3.6
41,paulista,40,BR,1601793853,78,-7.94,-34.87,298.15,3.6
42,petrolina de goias,0,BR,1601793854,41,-16.09,-49.34,297.15,1.16
43,quarai,100,BR,1601793854,87,-30.39,-56.45,284.65,7.44
44,raposa,0,BR,1601793854,56,-6.52,-44.18,295.77,1.85
45,resende,89,BR,1601793695,89,-22.47,-44.45,294.91,0.57
46,sao pedro do sul,100,BR,1601793854,90,-29.62,-54.18,286.28,6.55
47,serro,26,BR,1601793638,54,-18.6,-43.38,291.01,0.67
48,vilhena,94,BR,1601793854,62,-12.74,-60.15,298.02,1.54
49,dekar,0,BW,1601793854,15,-21.53,21.93,299.4,3.6
50,francistown,90,BW,1601793854,88,-21.17,27.51,292.15,3.6
51,gabane,90,BW,1601793855,88,-24.67,25.78,291.15,4.6
52,otse,90,BW,1601793855,88,-25.02,25.73,291.15,4.6
53,horki,100,BY,1601793855,66,54.29,30.98,285.15,6.0
54,botwood,90,CA,1601793855,76,49.15,-55.35,283.71,5.1
55,carbonear,64,CA,1601793855,100,47.73,-53.21,285.37,0.45
56,flin flon,100,CA,1601793855,76,54.77,-101.86,278.08,3.79
57,gibsons,85,CA,1601793727,95,49.4,-123.5,285.93,1.22
58,kamloops,5,CA,1601793679,82,50.67,-120.32,286.15,1.5
59,london,100,GB,1601793704,87,51.51,-0.13,283.15,5.1
60,north bay,1,CA,1601793856,86,46.32,-79.47,279.26,3.1
61,portneuf,90,CA,1601793561,80,46.69,-71.89,279.26,1.5
62,price,1,US,1601793777,30,39.6,-110.81,286.15,3.6
63,salaberry-de-valleyfield,96,CA,1601793856,89,45.25,-74.13,279.26,0.45
64,kreuzlingen,93,CH,1601793856,81,47.65,9.18,283.15,4.6
65,la tour-de-peilz,24,CH,1601793856,83,46.45,6.86,283.15,5.36
66,oberengstringen,20,CH,1601793856,71,47.41,8.47,284.26,5.1
67,saanen,3,CH,1601793856,74,46.49,7.26,282.04,1.79
68,schwyz,75,CH,1601793857,87,47.03,8.66,283.15,1.5
69,steinhausen,75,CH,1601793857,87,47.2,8.49,283.15,0.5
70,wetzikon,90,CH,1601793857,76,47.33,8.8,283.15,0.5
71,sassandra,70,CI,1601793857,87,4.95,-6.08,297.87,1.53
72,puerto montt,1,CL,1601793857,93,-41.47,-72.94,275.15,1.85
73,san clemente,0,US,1601793857,47,33.43,-117.61,293.15,1.28
74,victoria,5,HK,1601793641,66,22.29,114.16,303.71,4.02
75,nkongsamba,99,CM,1601793857,95,4.95,9.94,294.88,0.39
76,dengfeng,100,CN,1601793858,99,34.46,113.03,293.71,1.46
77,genhe,100,CN,1601793858,74,50.78,121.52,277.22,4.21
78,jiazi,12,CN,1601793858,71,22.88,116.07,301.39,4.61
79,jinchang,100,CN,1601793858,41,38.5,102.17,283.21,4.41
80,jining,100,CN,1601793858,30,35.41,116.58,289.63,5.86
81,qinnan,100,CN,1601793858,59,33.25,119.91,292.37,7.29
82,taizhou,95,CN,1601793858,61,32.49,119.91,294.26,0.45
83,cerrito,100,CO,1601793858,84,6.84,-72.69,282.56,1.11
84,cordoba,100,AR,1601793693,46,-31.41,-64.18,284.26,2.6
85,giron,98,CO,1601793859,82,7.07,-73.17,294.15,0.44
86,iza,100,UA,1601793859,43,48.22,23.33,296.15,6.2
87,palestina,40,PS,1601793859,61,31.92,35.2,298.71,2.1
88,san miguel,100,SV,1601793859,94,13.48,-88.18,296.37,1.01
89,tocancipa,75,CO,1601793859,87,4.97,-73.91,286.15,1.0
90,toluviejo,100,CO,1601793859,96,9.45,-75.44,296.22,1.93
91,valencia,27,ES,1601793765,63,39.33,-0.83,287.04,1.79
92,calle blancos,75,CR,1601793859,100,9.95,-84.07,293.15,2.1
93,san rafael,100,AR,1601793860,76,-34.62,-68.33,278.61,4.85
94,bucovice,100,CZ,1601793860,92,49.15,17.0,289.26,7.71
95,hodkovice nad mohelkou,100,CZ,1601793860,10,50.67,15.09,284.82,2.85
96,hrusovany u brna,40,CZ,1601793860,87,49.04,16.59,289.26,7.7
97,prague,75,CZ,1601793860,93,50.09,14.42,285.37,3.1
98,sternberk,97,CZ,1601793641,94,49.73,17.3,289.26,0.45
99,uhersky ostroh,57,CZ,1601793860,100,48.99,17.39,288.71,10.15
100,zacler,100,CZ,1601793860,86,50.66,15.91,288.71,7.15
101,zdounky,96,CZ,1601793860,93,49.23,17.32,288.71,0.45
102,bremerhaven,20,DE,1601793861,87,53.55,8.58,283.15,4.6
103,cleves,75,DE,1601793861,93,51.78,6.15,284.82,4.1
104,friedland,89,DE,1601793861,76,51.42,9.93,285.93,1.34
105,germersheim,86,DE,1601793861,70,49.22,8.36,285.93,0.89
106,gunzenhausen,75,DE,1601793861,100,49.1,10.75,281.15,3.6
107,hildesheim,48,DE,1601793861,72,52.15,9.95,285.93,1.79
108,marktoberdorf,98,DE,1601793861,93,47.78,10.62,280.37,0.5
109,markt schwaben,94,DE,1601793861,100,48.19,11.87,281.48,2.1
110,netphen,75,DE,1601793862,93,50.92,8.1,283.15,6.2
111,obernkirchen,75,DE,1601793862,66,52.27,9.13,285.15,5.1
112,remscheid,100,DE,1601793862,88,51.18,7.2,285.93,3.13
113,treuchtlingen,75,DE,1601793456,100,48.95,10.92,280.37,0.5
114,vechelde,91,DE,1601793862,86,52.26,10.36,284.26,1.79
115,wildberg,20,DE,1601793862,71,48.62,8.75,283.71,2.1
116,wunsiedel,75,DE,1601793862,89,50.03,12.02,282.04,0.45
117,nordby,0,DK,1601793862,93,55.45,8.4,284.15,3.6
118,skive,100,DK,1601793863,93,56.57,9.03,288.15,3.1
119,las matas de farfan,46,DO,1601793863,83,18.87,-71.52,293.83,1.56
120,tamayo,32,DO,1601793863,83,18.39,-71.2,296.77,0.39
121,la troncal,78,EC,1601793863,100,-2.4,-79.33,297.15,0.56
122,archidona,0,ES,1601793863,54,37.1,-4.39,289.26,2.68
123,burgos,75,ES,1601793863,93,42.34,-3.71,281.15,8.2
124,cartama,0,ES,1601793863,62,36.71,-4.63,288.71,3.6
125,leganes,40,ES,1601793863,87,40.33,-3.76,281.15,5.1
126,monzon,20,ES,1601793864,93,41.91,0.19,279.15,1.0
127,sant cugat del valles,0,ES,1601793864,76,41.47,2.08,288.71,1.0
128,huittinen,90,FI,1601793864,82,61.18,22.7,286.48,5.1
129,argentan,99,FR,1601793864,87,48.75,-0.02,282.15,6.2
130,avion,75,FR,1601793864,87,50.41,2.83,284.15,9.3
131,croissy-sur-seine,90,FR,1601793864,93,48.88,2.14,282.59,6.2
132,jouy-le-moutier,75,FR,1601793864,87,49.01,2.04,282.59,6.7
133,saint-andre-lez-lille,75,FR,1601793864,87,50.67,3.05,284.15,9.3
134,saint-pol-sur-mer,100,FR,1601793865,87,51.03,2.34,283.15,7.2
135,selestat,90,FR,1601793865,81,48.26,7.46,284.15,8.2
136,taverny,75,FR,1601793865,87,49.03,2.22,282.59,6.7
137,makokou,100,GA,1601793865,93,0.57,12.86,296.06,1.47
138,canterbury,100,GB,1601793819,95,51.28,1.08,283.15,1.34
139,coldingham,100,GB,1601793865,96,55.89,-2.16,284.26,5.67
140,hawkhead,90,US,1601793865,93,42.47,-86.21,281.15,3.03
141,kilsyth,100,GB,1601793865,98,55.98,-4.06,286.48,2.6
142,stamford,1,US,1601793689,81,41.05,-73.54,285.37,2.1
143,thornhill,75,GB,1601793650,100,55.23,-3.77,287.04,2.6
144,weston-super-mare,100,GB,1601793866,100,51.35,-2.98,283.71,9.8
145,ayia marina,100,GR,1601793866,83,37.75,23.53,297.59,2.68
146,kalloni,0,GR,1601793747,77,39.23,26.21,294.15,1.0
147,kamariotissa,20,GR,1601793866,93,40.48,25.47,291.15,2.4
148,kaparellion,40,GR,1601793866,93,38.23,23.22,295.93,2.13
149,katerini,100,GR,1601793867,100,40.27,22.5,293.71,2.33
150,kimmeria,75,GR,1601793867,93,41.15,24.93,294.26,2.6
151,komotini,6,GR,1601793867,81,41.12,25.4,293.71,1.5
152,methoni,40,GR,1601793867,94,36.82,21.7,294.15,5.93
153,jutiapa,100,GT,1601793867,93,14.28,-89.9,292.87,1.32
154,momostenango,100,GT,1601793868,100,15.04,-91.41,289.82,1.39
155,sayaxche,100,GT,1601793868,97,16.52,-90.17,292.29,1.7
156,buba,100,GW,1601793868,96,11.58,-15.0,296.9,1.77
157,antigua ocotepeque,100,HN,1601793868,89,14.4,-89.2,293.32,1.61
158,santa ana,1,US,1601793835,78,33.75,-117.87,296.15,1.32
159,leogane,29,HT,1601793868,78,18.51,-72.63,299.15,6.7
160,balloszog,75,HU,1601793868,93,46.86,19.57,290.15,2.1
161,orbottyan,75,HU,1601793868,93,47.69,19.28,289.26,4.1
162,szentgotthard,0,HU,1601793869,17,46.95,16.27,285.93,7.92
163,val,0,HU,1601793869,87,47.36,18.68,289.26,1.79
164,ngaglik,100,ID,1601793869,44,-6.84,111.37,306.17,1.25
165,srandakan,100,ID,1601793869,67,-7.94,110.25,301.62,7.58
166,castlecomer,100,IE,1601793869,86,52.81,-7.21,282.04,6.71
167,killybegs,100,IE,1601793869,78,54.63,-8.45,283.15,4.47
168,mazkeret batya,40,IL,1601793869,61,31.85,34.84,298.71,2.1
169,qiryat motzkin,75,IL,1601793869,57,32.84,35.08,300.15,3.1
170,adilabad,78,IN,1601793604,69,19.67,78.53,300.22,3.64
171,alirajpur,68,IN,1601793870,46,22.3,74.35,304.75,3.52
172,amreli,30,IN,1601793870,51,21.62,71.23,304.95,2.17
173,atraulia,75,IN,1601793870,100,26.33,82.95,303.15,1.0
174,bagar,0,IN,1601793870,11,28.19,75.5,308.61,2.25
175,bhandardaha,75,IN,1601793870,79,22.62,88.21,306.15,4.1
176,bhattiprolu,90,IN,1601793870,74,16.1,80.78,303.15,3.1
177,bisalpur,0,IN,1601793870,42,28.3,79.8,305.89,2.57
178,dabhoi,100,IN,1601793871,62,22.18,73.43,305.15,2.46
179,dalsingh sarai,65,IN,1601793871,69,25.67,85.83,303.04,2.05
180,digha,100,IN,1601793871,74,21.68,87.55,303.7,3.91
181,durg,99,IN,1601793871,51,21.18,81.28,304.91,2.55
182,gharghoda,95,IN,1601793871,66,22.17,83.35,303.15,0.45
183,ghatal,100,IN,1601793871,69,22.67,87.72,304.73,3.19
184,gummidipundi,75,IN,1601793871,55,13.4,80.15,306.15,5.1
185,jamui,50,IN,1601793871,74,24.92,86.22,302.3,2.22
186,karambakkudi,40,IN,1601793872,49,10.47,79.13,306.15,4.1
187,katol,20,IN,1601793872,43,21.27,78.58,304.15,1.5
188,khanapur,75,IN,1601793872,74,15.63,74.52,299.15,2.6
189,kodungallur,40,IN,1601793872,66,10.22,76.22,303.15,3.6
190,lar,76,IN,1601793872,61,26.2,83.97,304.24,2.27
191,palia kalan,0,IN,1601793872,50,28.45,80.58,305.68,2.64
192,perambalur,40,IN,1601793854,49,11.23,78.88,306.15,4.1
193,petlawad,33,IN,1601793873,42,23.0,74.8,304.29,3.88
194,sayla,0,IN,1601793873,42,22.55,71.47,306.32,2.97
195,tirumullaivasal,100,IN,1601793873,51,11.23,79.83,305.5,2.61
196,uri,0,IN,1601793873,19,34.08,74.03,298.0,2.8
197,uttamapalaiyam,100,IN,1601793873,48,9.8,77.33,303.75,4.53
198,bijar,0,IR,1601793873,22,35.87,47.61,295.7,3.34
199,khalkhal,91,IR,1601793873,71,37.62,48.53,286.38,1.68
200,qeshm,20,IR,1601793874,53,26.96,56.27,309.15,2.1
201,yazd,20,IR,1601793874,22,31.9,54.37,298.15,2.1
202,altopascio,19,IT,1601793874,66,43.82,10.67,290.37,3.13
203,faenza,0,IT,1601793874,67,44.29,11.88,290.37,3.13
204,martellago,75,IT,1601793874,87,45.54,12.16,289.15,3.1
205,mola di bari,0,IT,1601793874,68,41.06,17.09,293.71,2.1
206,sarezzo,88,IT,1601793874,10,45.66,10.2,287.59,2.24
207,viterbo,75,IT,1601793874,87,42.42,12.08,287.15,5.7
208,kasamatsu,100,JP,1601793875,65,35.37,136.76,300.37,0.68
209,kisarazu,75,JP,1601793875,65,35.37,139.92,298.15,3.1
210,komagane,75,JP,1601793875,68,35.73,137.94,295.37,2.6
211,misato,75,JP,1601793875,69,35.83,139.87,299.26,2.1
212,miura,100,JP,1601793640,69,35.14,139.62,297.59,1.34
213,nagareyama,75,JP,1601793875,69,35.86,139.9,299.26,2.1
214,sendai,75,JP,1601793683,78,38.27,140.87,295.15,2.6
215,uto,75,JP,1601793876,51,32.68,130.67,300.15,3.1
216,kinango,40,KE,1601793876,78,-4.14,39.32,300.15,2.6
217,maralal,10,KE,1601793876,50,1.1,36.7,294.29,2.59
218,butaritari,100,KI,1601793876,72,3.07,172.79,300.37,2.6
219,bodden town,95,KY,1601793876,91,19.28,-81.25,299.82,0.89
220,astana,40,KZ,1601793876,70,51.18,71.45,282.15,5.0
221,oytal,20,KZ,1601793876,26,42.91,73.27,292.24,2.78
222,champasak,75,LA,1601793876,62,14.75,106.0,305.15,1.0
223,trincomalee,99,LK,1601793877,52,8.57,81.23,305.64,6.9
224,elektrenai,20,LT,1601793877,72,54.77,24.63,290.15,6.7
225,medernach,75,LU,1601793877,87,49.8,6.22,282.59,7.2
226,mensdorf,75,LU,1601793877,87,49.65,6.3,282.59,7.2
227,sanem,100,LU,1601793692,99,49.55,5.93,283.15,9.91
228,sabile,84,LV,1601793877,84,57.05,22.57,288.11,6.74
229,ambilobe,0,MG,1601793878,31,-13.2,49.05,308.5,1.29
230,bitola,53,MK,1601793878,95,41.03,21.34,292.59,3.26
231,petrovec,75,MK,1601793878,93,41.94,21.61,290.15,1.0
232,topolcani,97,MK,1601793878,53,41.23,21.43,294.64,1.45
233,kirkop,75,MT,1601793878,83,35.84,14.49,297.59,4.1
234,luqa,100,RU,1601793878,59,58.74,29.85,286.11,5.54
235,piton,40,MU,1601793879,78,-20.09,57.63,298.15,4.1
236,atizapan,5,MX,1601793801,76,19.25,-99.55,282.15,0.82
237,atotonilco el alto,0,MX,1601793879,71,20.55,-102.52,285.89,1.55
238,ayotzintepec,68,MX,1601793879,79,17.67,-96.13,293.02,1.59
239,colima,0,MX,1601793879,92,19.17,-104.0,291.18,1.42
240,el higo,16,MX,1601793879,92,21.77,-98.47,293.29,1.55
241,guamuchil,0,MX,1601793879,81,25.47,-108.1,299.82,0.86
242,hoctun,100,MX,1601793879,94,20.87,-89.2,297.59,6.75
243,jaral del progreso,0,MX,1601793880,88,20.37,-101.07,284.82,0.89
244,nicolas ruiz,100,MX,1601793880,79,16.4,-92.53,289.82,1.81
245,nochistlan,0,MX,1601793880,72,21.37,-102.85,284.95,3.15
246,penon blanco,0,MX,1601793880,44,24.79,-104.04,285.65,0.64
247,salinas,90,US,1601793741,93,36.68,-121.66,294.26,2.6
248,santa catarina de tepehuanes,0,MX,1601793880,49,25.35,-105.73,284.45,0.79
249,sayula,0,MX,1601793880,55,19.87,-103.62,287.4,0.19
250,victor rosales,0,MX,1601793881,76,22.95,-102.7,283.66,4.34
251,ongandjera,4,NA,1601793881,17,-17.88,15.07,297.75,2.7
252,usakos,100,NA,1601793881,14,-22.0,15.6,298.58,0.55
253,sarramea,90,NC,1601793881,83,-21.64,165.85,294.15,6.7
254,aguie,3,NE,1601793881,46,13.51,7.78,301.23,0.26
255,abuja,100,NG,1601793881,80,9.06,7.49,297.11,0.43
256,grave,90,NL,1601793881,93,51.76,5.74,284.26,4.6
257,schinnen,75,NL,1601793881,87,50.94,5.89,284.26,7.7
258,brattvag,0,NO,1601793881,71,62.6,6.44,286.15,6.2
259,roverud,100,NO,1601793882,66,60.25,12.05,287.04,1.79
260,sistranda,20,NO,1601793882,71,63.73,8.83,286.15,8.2
261,ulvik,84,NO,1601793882,91,60.57,6.92,282.04,15.65
262,la mesa,20,US,1601793610,49,32.77,-117.02,295.15,1.5
263,azangaro,7,PE,1601793882,70,-14.92,-70.22,279.04,0.92
264,tambo,87,PE,1601793882,73,-14.8,-73.92,278.0,1.77
265,aitape,100,PG,1601793882,74,-3.14,142.35,302.21,3.97
266,aliang,40,PH,1601793883,56,14.28,120.88,307.15,2.1
267,angatel,50,PH,1601793883,65,15.81,120.34,304.62,1.32
268,bacabac,75,PH,1601793883,63,15.73,120.42,306.15,7.2
269,bacalan,100,PH,1601793883,74,11.55,122.08,302.35,2.17
270,bacayawan,99,PH,1601793883,85,7.77,124.23,298.01,1.68
271,balangbalang,100,PH,1601793883,61,9.06,125.62,304.25,1.32
272,balingasay,4,PH,1601793481,74,16.36,119.86,302.64,2.71
273,bal-os,100,PH,1601793883,75,9.44,122.63,302.41,4.06
274,bautista,71,PH,1601793884,62,15.81,120.47,305.16,1.06
275,binidayan,98,PH,1601793884,82,7.81,124.17,298.96,1.44
276,casambalangan,9,PH,1601793884,69,18.38,122.13,303.12,3.62
277,cuartero,100,PH,1601793884,77,11.34,122.67,302.73,3.25
278,dinganen,71,PH,1601793884,65,7.33,124.38,303.43,3.26
279,gigmoto,35,PH,1601793615,72,13.78,124.39,302.52,2.96
280,intampilan,100,PH,1601793884,71,11.48,122.74,302.85,3.6
281,jibao-an,100,PH,1601793884,77,10.78,122.5,302.57,0.41
282,lalab,98,PH,1601793885,73,11.57,122.43,302.58,2.9
283,lapinig,100,PH,1601793885,83,12.32,125.3,301.89,1.7
284,lumbayao,100,PH,1601793885,75,8.02,125.17,302.06,0.41
285,magtaking,53,PH,1601793885,68,15.99,120.18,304.29,2.28
286,maitum,75,PH,1601793885,52,6.04,124.5,306.15,4.1
287,malayal,20,PH,1601793885,70,7.21,121.94,304.15,6.7
288,natubleng,83,PH,1601793885,100,16.7,120.78,289.55,0.48
289,nenita,100,PH,1601793885,74,12.49,124.8,302.49,2.34
290,plaridel,40,PH,1601793886,56,14.89,120.86,307.15,2.1
291,potot,100,PH,1601793886,73,12.2,123.43,302.84,2.16
292,pualas,45,PH,1601793886,77,8.02,123.85,303.02,1.68
293,rebe,31,PH,1601793886,75,7.91,123.82,303.11,1.98
294,san antonio,1,US,1601793610,82,29.42,-98.49,294.15,1.5
295,santa josefa,100,PH,1601793886,65,7.99,126.03,304.94,1.67
296,sibul,75,PH,1601793887,63,15.17,121.06,306.15,7.2
297,sual,34,PH,1601793887,71,16.07,120.09,303.53,2.1
298,talisayan,20,PH,1601793887,70,6.99,121.93,304.15,6.7
299,bhag,0,PK,1601793887,9,29.04,67.82,310.52,0.17
300,risalpur,5,PK,1601793887,37,34.06,71.99,302.15,2.1
301,kamien pomorski,75,PL,1601793887,100,53.97,14.77,287.04,0.5
302,kozuchow,100,PL,1601793887,40,51.75,15.59,285.93,3.82
303,mlawa,100,PL,1601793887,77,53.11,20.38,290.37,4.6
304,ponta do sol,40,PT,1601793887,77,32.67,-17.1,294.15,5.1
305,general higinio morinigo,0,PY,1601793888,100,-25.95,-55.92,287.61,0.85
306,argetoaia,98,RO,1601793888,77,44.52,23.37,290.93,2.24
307,bailesti,100,RO,1601793888,72,44.02,23.35,290.93,6.7
308,blejoi,40,RO,1601793888,100,45.0,26.02,290.37,3.6
309,boldu,20,RO,1601793888,88,45.33,27.23,290.15,2.6
310,branesti,20,RO,1601793888,72,45.03,25.42,284.82,6.26
311,butoiesti,98,RO,1601793888,77,44.58,23.37,290.93,2.24
312,calarasi,75,MD,1601793889,77,47.25,28.31,292.15,7.7
313,caracal,100,RO,1601793889,72,44.12,24.35,290.93,6.7
314,cenade,98,RO,1601793889,38,46.06,24.01,297.15,6.7
315,chiojdeanca,20,RO,1601793889,88,45.17,26.27,290.15,2.6
316,clinceni,0,RO,1601793889,93,44.37,25.95,293.15,3.1
317,colonesti,84,RO,1601793889,59,44.65,24.67,292.77,5.57
318,daeni,20,RO,1601793889,88,44.83,28.12,295.37,5.7
319,dragalina,5,RO,1601793889,100,44.43,27.32,290.15,4.1
320,dragoesti,80,RO,1601793890,82,47.55,26.08,289.26,5.1
321,glimboca,80,RO,1601793890,60,45.48,22.32,294.97,0.5
322,gradistea,5,RO,1601793890,100,44.23,27.22,290.15,4.1
323,hida,20,RO,1601793890,67,47.07,23.28,292.04,6.7
324,ineu,20,RO,1601793890,56,46.43,21.85,295.15,8.2
325,isverna,33,RO,1601793890,50,44.98,22.63,293.39,2.28
326,macesu de sus,100,RO,1601793890,72,43.92,23.7,290.93,6.7
327,poarta alba,20,RO,1601793890,88,44.22,28.4,295.37,7.2
328,poeni,20,RO,1601793891,67,46.92,22.9,292.04,6.7
329,rachiti,85,RO,1601793891,82,47.77,26.68,289.26,5.1
330,sacel,99,RO,1601793891,57,47.63,24.43,293.54,1.81
331,scortoasa,20,RO,1601793891,88,45.37,26.67,290.15,2.6
332,simonesti,49,RO,1601793891,77,46.33,25.1,290.37,1.5
333,tinosu,40,RO,1601793891,100,44.82,26.02,290.37,3.6
334,turceni,98,RO,1601793891,77,44.68,23.37,290.93,2.24
335,uricani,100,RO,1601793892,54,45.34,23.15,291.93,2.55
336,vadastrita,20,RO,1601793892,82,43.85,24.33,290.37,1.0
337,kraljevo,40,RS,1601793892,68,43.73,20.69,294.15,2.6
338,medveda,72,RU,1601793892,47,56.51,92.41,286.15,4.0
339,stara pazova,40,RS,1601793892,88,44.98,20.16,291.15,6.2
340,titel,40,RS,1601793892,88,45.21,20.29,291.15,6.2
341,agidel,43,RU,1601793892,66,55.91,53.94,280.22,5.28
342,arkhipo-osipovka,61,RU,1601793892,63,44.37,38.52,293.89,2.76
343,batagay-alyta,100,RU,1601793893,84,67.8,130.41,272.22,2.17
344,belogorsk,100,RU,1601793893,89,50.92,128.46,281.48,5.45
345,bogatoye,99,RU,1601793893,61,53.06,51.33,285.92,5.16
346,borovikha,100,RU,1601793893,43,53.51,83.84,284.15,5.0
347,buribay,100,RU,1601793893,79,51.96,58.16,282.64,4.74
348,chermoz,0,RU,1601793893,74,58.79,56.15,276.82,4.47
349,desnogorsk,100,RU,1601793893,57,54.15,33.28,284.84,4.77
350,dudinka,75,RU,1601793893,92,69.41,86.18,272.15,10.0
351,gorodishche,97,RU,1601793894,32,48.8,44.47,288.71,6.0
352,ivnya,0,RU,1601793894,33,51.06,36.13,287.59,4.0
353,kamenka,96,RU,1601793894,41,51.32,42.77,290.79,2.95
354,kirovo-chepetsk,0,RU,1601793894,67,58.55,50.04,278.19,2.28
355,kolyubakino,43,RU,1601793894,58,55.67,36.53,285.15,4.0
356,krasnogorskiy,0,RU,1601793894,65,54.6,61.23,278.38,5.64
357,kurovskoye,100,RU,1601793894,81,55.58,38.91,284.15,3.0
358,kusa,0,RU,1601793894,66,55.34,59.44,278.43,2.62
359,ladozhskaya,98,RU,1601793895,77,45.31,39.94,289.15,1.0
360,lev tolstoy,0,RU,1601793895,43,53.21,39.45,284.15,3.0
361,mayskiy,38,RU,1601793895,48,47.69,40.1,290.15,7.0
362,nadvoitsy,63,RU,1601793895,87,63.87,34.32,283.06,3.93
363,nikolo-pavlovskoye,0,RU,1601793895,65,57.78,60.06,277.67,3.98
364,novocherkassk,54,RU,1601793895,48,47.42,40.09,290.15,7.0
365,novogagatli,75,RU,1601793895,77,43.46,46.48,291.15,2.0
366,novoilinsk,0,RU,1601793896,50,51.68,108.71,279.18,3.2
367,olga,0,RU,1601793896,62,43.74,135.29,288.47,2.68
368,pervomayskoye,100,RU,1601793896,38,43.92,46.71,295.41,7.4
369,pinega,0,RU,1601793896,72,64.7,43.39,277.38,2.53
370,pinerovka,65,RU,1601793896,41,51.56,43.07,291.16,2.7
371,podgornoye,2,RU,1601793896,30,51.73,39.15,285.15,3.0
372,porosozero,100,RU,1601793896,90,62.72,32.73,283.17,4.11
373,povolzhskiy,40,RU,1601793896,71,53.59,49.76,283.15,2.0
374,pyatnitskoye,0,RU,1601793897,27,50.42,37.83,290.42,4.59
375,rybnoye,98,RU,1601793897,55,54.73,39.51,285.93,4.07
376,saskylakh,96,RU,1601793897,96,71.92,114.08,268.94,6.73
377,seshcha,100,RU,1601793897,60,53.74,33.34,285.12,5.5
378,severnyy,0,RU,1601793897,33,50.68,36.55,287.15,4.0
379,severo-yeniseyskiy,100,RU,1601793897,88,60.37,93.04,279.32,5.43
380,sharkan,0,RU,1601793897,76,57.3,53.87,277.59,0.89
381,svetlograd,75,RU,1601793897,87,45.34,42.85,288.15,5.0
382,tarnogskiy gorodok,0,RU,1601793898,72,60.5,43.58,280.41,2.81
383,tazovskiy,98,RU,1601793898,86,67.47,78.7,274.37,9.93
384,torzhok,100,RU,1601793898,62,57.04,34.96,285.22,4.19
385,tyulyachi,0,RU,1601793898,60,55.89,50.24,280.15,4.0
386,uspenskoye,75,RU,1601793898,87,44.83,41.39,288.15,5.0
387,varna,0,BG,1601793618,73,43.22,27.92,295.37,3.6
388,vasilyevo,0,RU,1601793898,59,55.84,48.66,280.15,4.0
389,voronezh,8,RU,1601793899,30,51.67,39.17,285.15,3.0
390,vytegra,100,RU,1601793899,79,61.01,36.45,284.81,4.79
391,zavetnyy,28,RU,1601793899,69,44.93,41.14,291.48,5.35
392,cyangugu,0,RW,1601793899,48,-2.48,28.91,297.13,2.94
393,mariestad,100,SE,1601793665,86,58.71,13.82,287.15,6.2
394,trencin,100,SK,1601793899,87,48.83,18.25,289.26,6.26
395,baiima,97,SL,1601793899,98,8.1,-11.85,295.69,1.06
396,chum phae,76,TH,1601793899,64,16.54,102.1,304.32,1.86
397,adilcevaz,40,TR,1601793900,34,38.8,42.73,292.15,1.5
398,gelibolu,0,TR,1601793900,77,40.41,26.67,290.15,1.5
399,isparta,0,TR,1601793900,44,38.0,31.0,287.15,1.5
400,izmit,0,TR,1601793900,93,40.77,29.92,288.15,1.21
401,shalu,79,CN,1601793900,42,28.45,89.6,285.39,5.57
402,chato,50,TZ,1601793900,45,-2.64,31.77,299.72,2.76
403,mpwapwa,52,TZ,1601793901,30,-6.35,36.48,300.78,2.93
404,dobryanka,10,RU,1601793901,69,58.46,56.42,277.15,2.0
405,kaharlyk,75,UA,1601793901,87,49.86,30.83,289.82,5.0
406,manchenky,0,UA,1601793901,28,49.98,35.86,288.71,4.0
407,narodychi,75,UA,1601793901,67,51.2,29.08,290.88,8.26
408,orikhiv,63,UA,1601793902,67,47.57,35.79,288.71,4.0
409,shevchenkove,8,UA,1601793902,28,49.7,37.17,288.71,4.0
410,volodarka,91,UA,1601793902,72,49.52,29.91,291.34,7.86
411,alexander city,1,US,1601793902,93,32.94,-85.95,285.37,1.87
412,pine bluff,1,US,1601793902,93,34.23,-92.0,285.15,2.57
413,barstow,1,US,1601793903,9,34.9,-117.02,296.15,3.6
414,burbank,1,US,1601793903,41,34.18,-118.31,297.15,2.1
415,charter oak,0,US,1601793903,29,34.1,-117.85,297.15,0.3
416,king city,0,US,1601793903,30,36.21,-121.13,293.15,0.45
417,marysville,90,US,1601793903,93,48.05,-122.18,286.48,0.95
418,bloomingdale,90,US,1601793903,100,27.89,-82.24,296.15,2.6
419,delray beach,40,US,1601793904,94,26.46,-80.07,300.15,2.6
420,ensley,1,US,1601793794,63,30.52,-87.27,292.59,2.6
421,forest city,90,US,1601793904,94,28.67,-81.44,296.15,3.1
422,north fort myers,90,US,1601793904,100,26.67,-81.88,297.04,5.7
423,north miami,75,US,1601793904,88,25.89,-80.19,302.04,2.6
424,saint cloud,1,US,1601793895,100,45.56,-94.16,272.59,0.69
425,winter springs,90,US,1601793605,88,28.7,-81.31,296.15,2.6
426,smyrna,1,US,1601793904,87,33.88,-84.51,284.15,2.34
427,chicago,90,US,1601793208,87,41.85,-87.65,282.15,2.6
428,collinsville,90,US,1601793624,93,38.67,-89.98,285.15,1.15
429,romeoville,90,US,1601793905,100,41.65,-88.09,281.48,1.5
430,waterloo,90,CA,1601793755,100,43.47,-80.52,279.26,1.5
431,winfield,1,US,1601793905,76,37.24,-97.0,283.15,1.5
432,chalmette,1,US,1601793905,56,29.94,-89.96,293.15,3.39
433,south portland,1,US,1601793730,100,43.64,-70.24,281.48,2.6
434,walker mill,1,US,1601793905,93,38.88,-76.89,285.15,0.27
435,lunenburg,0,CA,1601793673,96,44.38,-64.32,281.48,3.8
436,kentwood,90,US,1601793906,93,42.87,-85.64,281.48,1.5
437,moorhead,1,US,1601793906,92,46.87,-96.77,274.15,2.0
438,north mankato,90,US,1601793906,81,44.17,-94.03,279.15,1.77
439,maplewood,1,US,1601793906,80,44.95,-93.0,278.15,1.79
440,wentzville,37,US,1601793906,95,38.81,-90.85,284.82,2.56
441,belgrade,40,RS,1601793409,93,44.8,20.47,291.15,4.1
442,polson,0,US,1601793906,84,47.69,-114.16,283.71,1.37
443,paradise,1,US,1601793907,7,36.1,-115.15,299.26,2.1
444,lebanon,90,US,1601793907,93,36.21,-86.29,284.15,2.1
445,beachwood,90,US,1601793906,61,41.46,-81.51,284.26,1.5
446,hoboken,1,US,1601793907,55,40.74,-74.03,289.15,3.6
447,ridgefield,1,US,1601793714,62,40.83,-74.01,289.15,2.69
448,tenafly,1,US,1601793907,81,40.93,-73.96,287.59,1.5
449,islip,1,US,1601793852,87,40.73,-73.21,284.15,2.1
450,jericho,0,PS,1601793907,72,31.87,35.45,293.71,1.76
451,ossining,1,US,1601793908,81,41.16,-73.86,282.15,2.1
452,watervliet,1,US,1601793908,100,42.73,-73.7,278.71,0.08
453,west hempstead,1,US,1601793908,76,40.7,-73.65,287.59,2.6
454,blue ash,90,US,1601793830,100,39.23,-84.38,285.37,0.86
455,brunswick,90,US,1601793908,61,41.24,-81.84,283.15,3.1
456,clinton,75,US,1601793836,71,42.59,-82.92,284.82,5.1
457,oregon city,1,US,1601793805,82,45.36,-122.61,289.82,2.1
458,oil city,90,US,1601793908,81,41.43,-79.71,281.15,1.5
459,warren,90,US,1601793697,100,39.43,-84.17,285.37,1.02
460,aguada,100,PR,1601793909,90,18.38,-67.19,298.71,3.96
461,guanica,100,PR,1601793909,78,17.97,-66.91,298.71,0.45
462,newport,100,GB,1601793811,95,51.59,-3.0,283.71,0.89
463,lancaster,1,US,1601793630,81,40.25,-76.25,280.93,1.09
464,sumter,100,US,1601793909,96,28.71,-82.08,294.82,0.45
465,channelview,1,US,1601793909,82,29.78,-95.11,292.15,1.35
466,san marcos,1,US,1601793909,49,33.14,-117.17,295.15,0.26
467,socorro,1,US,1601793910,26,31.65,-106.3,295.37,2.6
468,brigham city,1,US,1601793910,50,41.51,-112.02,288.15,1.46
469,cottonwood heights,0,US,1601793910,32,40.62,-111.81,288.15,1.5
470,payson,1,US,1601793627,66,40.04,-111.73,289.82,1.69
471,west richland,1,US,1601793910,77,46.3,-119.36,290.93,1.5
472,artigas,100,UY,1601793910,87,-30.4,-56.47,284.58,7.49
473,trinidad,68,BO,1601793910,72,-14.83,-64.9,296.12,1.89
474,ben tre,97,VN,1601793910,78,10.23,106.38,303.12,1.8
475,my tho,40,VN,1601793911,66,10.35,106.35,305.15,4.1
476,jiblah,0,YE,1601793911,31,13.92,44.15,294.45,3.39
477,adelaide,75,AU,1601793636,87,-34.93,138.6,288.71,6.2
478,warmbad,0,NA,1601793911,25,-28.45,18.73,293.04,5.11
479,mungwi,0,ZM,1601793911,26,-10.17,31.37,300.42,4.54
480,senanga,86,ZM,1601793911,15,-16.12,23.27,304.07,4.63
481,siavonga,46,ZM,1601793911,33,-16.54,28.71,304.15,2.92
